Emp ID,First Name,Last Name,DOB,SSN,State
232,John,Mathews,002/24/1991,***-**-9165,ND
533,Nathan,Moore,11/19/1978,***-**-7469,ME
256,Amanda,Douglas,001/008/1990,***-**-6961,ID
189,Heather,Andrews,008/11/1976,***-**-1797,VT
284,Daniel,Hernandez,007/22/1976,***-**-7473,CO
512,Danny,Pena,001/31/1978,***-**-9878,MN
126,Gary,Knight,003/008/1994,***-**-1242,AR
556,Robin,Carroll,10/14/1972,***-**-7194,CA
595,Michelle,Dickerson,002/008/1984,***-**-2817,TN
191,Kimberly,Gallegos,008/005/1972,***-**-7563,OR
55,Morgan,Parker,001/30/1986,***-**-4320,TN
623,Mason,Rhodes,001/28/1977,***-**-4767,MD
426,Amy,Griffin,002/18/1973,***-**-1946,MA
535,Danielle,House,004/16/1975,***-**-9308,ME
399,Charles,Greene,11/28/1992,***-**-2935,KY
33,Nicholas,Martinez,004/005/1979,***-**-1689,LA
302,Tracey,Meadows,001/12/1988,***-**-6175,RI
325,Renee,Evans,003/14/1991,***-**-2708,MT
188,Joseph,Estrada,003/29/1984,***-**-2571,PA
184,Jeremy,Warner,10/20/1987,***-**-1184,AL
526,Anthony,Rodriguez,002/009/1983,***-**-3865,ID
85,Kristen,Lopez,001/002/1978,***-**-8194,VA
171,Mark,Mcdonald,006/27/1984,***-**-0101,MT
74,Robert,Freeman,001/001/1984,***-**-5211,AR
69,Michael,Reynolds,10/30/1994,***-**-8507,CA
365,Kristine,Little,007/10/1974,***-**-1771,SD
149,April,Barnes,002/15/1983,***-**-3288,RI
218,Pamela,Hodges,002/19/1989,***-**-1423,UT
647,Ronald,Gilbert,005/26/1974,***-**-4448,WY
518,Thomas,Cooper,008/17/1972,***-**-9890,CO
12,Dakota,Harrington,008/24/1972,***-**-7188,VA
622,Jennifer,Porter,001/20/1991,***-**-5572,WI
159,Beverly,Jordan,008/15/1986,***-**-3762,NM
394,Mark,Brown,004/002/1975,***-**-8531,CA
158,Amy,Ford,006/005/1974,***-**-6461,NC
446,Benjamin,King,005/007/1973,***-**-8165,RI
352,Stephen,Bryant,005/15/1991,***-**-6488,SD
598,Brandi,Williams,10/15/1989,***-**-8500,MD
505,Ashley,Hutchinson,004/26/1994,***-**-1510,SC
173,Alisha,Pacheco,001/13/1982,***-**-2496,MI
84,Robert,Campbell,002/27/1973,***-**-9581,SD
406,Sandra,Sanders,10/006/1980,***-**-1673,RI
164,Katherine,Hensley,005/29/1991,***-**-7226,CT
267,Stacy,Cox,11/008/1976,***-**-0990,AL
503,Frank,Barton,006/10/1993,***-**-5568,MA
295,Shannon,Kramer,005/004/1980,***-**-7615,SC
590,Brenda,James,12/31/1977,***-**-3251,HI
97,Paula,Edwards,008/10/1988,***-**-0638,KS
3,Jennifer,Rowe,009/16/1980,***-**-9014,NY
20,David,Foster,001/009/1990,***-**-6956,MO
179,William,Boyle,001/30/1988,***-**-0490,AR
86,Christopher,Greene,005/29/1972,***-**-8446,ID
219,Matthew,Fuller,004/27/1980,***-**-2989,MS
237,Gabriela,Nguyen,12/17/1981,***-**-3729,WA
96,Allison,Diaz,003/25/1994,***-**-8927,AR
22,Isaac,Jordan,005/006/1986,***-**-0520,TX
439,Cheryl,Bailey,10/31/1991,***-**-1224,NC
146,Julie,Castillo,002/16/1988,***-**-4523,AK
271,Michael,Adams,12/10/1986,***-**-3927,FL
103,Melinda,Parsons,002/007/1986,***-**-8751,NE
540,Robert,Campbell,001/17/1987,***-**-3694,DE
144,Julie,Nelson,008/008/1994,***-**-1332,SD
594,Steven,Nelson,004/14/1989,***-**-2085,VT
176,Hailey,Lynn,003/25/1973,***-**-9488,CA
198,Dillon,Nguyen,005/26/1978,***-**-4552,IL
433,Hannah,Miller,10/18/1973,***-**-4657,NY
274,Jeffrey,Harris,005/25/1994,***-**-4763,KY
6,Daniel,Welch,008/008/1982,***-**-6950,IL
452,Bryan,Jackson,009/008/1982,***-**-8117,MD
23,Denise,George,009/007/1990,***-**-4879,WI
373,Alicia,Carney,009/10/1989,***-**-9437,OH
374,William,Peters,003/20/1986,***-**-7516,KY
200,Dustin,Drake,009/17/1993,***-**-5454,WV
428,Jessica,Thornton,001/003/1983,***-**-2381,KS
116,Rebecca,Wilson,006/008/1980,***-**-6629,MI
418,Katherine,Lane,11/001/1986,***-**-6820,NH
9,Sarah,Harper,007/27/1993,***-**-5891,AK
230,Jermaine,Hill,009/11/1988,***-**-5479,NJ
502,Michael,Marshall,004/005/1990,***-**-5125,MI
632,Kirsten,Mcbride,009/10/1973,***-**-2372,IA
112,Rachael,Holmes,007/30/1973,***-**-2067,GA
422,Leon,Foster,009/19/1975,***-**-3153,SC
131,David,Mcclain,008/002/1976,***-**-5430,OH
404,Emily,Lawrence,11/24/1991,***-**-1991,TN
504,Troy,Booth,12/27/1990,***-**-5141,TN
194,Stephanie,Ho,004/25/1983,***-**-3656,KS
567,Michele,Hendricks,003/10/1990,***-**-7341,MS
253,Eric,Harper,11/12/1986,***-**-2860,NV
407,Jonathan,Gomez,006/005/1993,***-**-4727,SD
82,Kevin,Garcia,11/25/1977,***-**-4722,NV
429,Howard,Lawson,004/13/1984,***-**-7664,MI
78,Stacy,Robertson,009/24/1974,***-**-0248,WY
167,John,Beck,007/27/1985,***-**-3635,AR
484,Julia,Morgan,003/18/1976,***-**-1731,WI
60,Allen,Leon,004/006/1975,***-**-9089,MI
400,James,Rios,003/004/1978,***-**-3987,ID
34,Ralph,Wells,10/19/1988,***-**-4237,KS
596,Megan,Chavez,10/008/1991,***-**-7659,CT
279,Ashley,Patrick,006/007/1974,***-**-0763,WY
466,Bonnie,Bowen,11/007/1993,***-**-5889,ID
327,Andrew,Lawson,004/005/1982,***-**-7313,MT
382,Tonya,Chavez,004/17/1984,***-**-5703,MT
369,Michelle,Larson,003/20/1980,***-**-3866,FL
347,Mark,Garrett,009/18/1985,***-**-4408,WY
25,Chelsea,Rivera,006/21/1987,***-**-0140,NH
317,Amanda,Krause,11/006/1977,***-**-4744,IL
321,Paige,Spencer,009/002/1991,***-**-8621,NY
193,Rhonda,Gonzales,006/007/1976,***-**-4110,ID
606,Jasmine,Kelly,006/30/1979,***-**-3251,MN
123,Amy,Sherman,008/004/1973,***-**-6029,NJ
566,David,Arroyo,004/16/1975,***-**-9403,FL
409,Robert,Lin,11/12/1975,***-**-0121,AZ
265,Paul,Wilson,006/19/1993,***-**-9871,IA
490,Paul,Meyers,003/13/1989,***-**-1680,HI
311,Jessica,Elliott,006/004/1978,***-**-1632,OH
537,Anthony,Richmond,10/005/1989,***-**-8935,AR
147,William,Rivera,003/008/1975,***-**-7032,SD
304,Sheri,Villegas,002/13/1985,***-**-8629,OR
472,Kelly,Hopkins,10/008/1984,***-**-6875,HI
348,Darren,Farrell,005/24/1991,***-**-5885,CA
91,Darlene,Harmon,005/005/1980,***-**-3052,WV
410,Rachel,Lyons,008/29/1972,***-**-0900,ME
344,David,Jacobs,002/28/1982,***-**-3682,FL
419,Christina,Weeks,10/15/1972,***-**-2028,PA
1,Andrea,Anderson,11/12/1984,***-**-5650,CT
532,Jennifer,Smith,001/31/1989,***-**-1748,GA
107,Shirley,Andrews,12/007/1981,***-**-5306,OH
166,Adrian,Rivera,002/13/1973,***-**-5638,MA
391,George,Mckinney,002/004/1984,***-**-7748,UT
67,Hailey,Boyd,11/17/1980,***-**-0270,NY
447,Tiffany,Harris,001/12/1983,***-**-9733,WV
653,Mary,Hunter,11/001/1977,***-**-6623,TX
294,Robert,Edwards,004/007/1980,***-**-5215,GA
416,Barbara,Lambert,009/007/1979,***-**-5353,ID
185,Angela,Armstrong,003/22/1990,***-**-2446,NY
637,Brett,Ward,009/27/1979,***-**-0204,MN
333,Troy,Sanchez,11/15/1990,***-**-2052,OK
579,Garrett,Carter,009/26/1988,***-**-7246,CA
215,James,Reeves,001/31/1988,***-**-1620,IN
152,Mary,Baker,007/008/1979,***-**-0954,MI
301,Alexandra,Bradley,006/13/1980,***-**-9390,AL
572,Aaron,James,003/25/1974,***-**-4596,OR
165,Thomas,Wood,008/21/1979,***-**-8269,TN
639,Charlene,Jackson,10/28/1989,***-**-8809,WY
405,Mary,Robbins,12/001/1975,***-**-9514,FL
390,Kayla,Washington,10/008/1985,***-**-6218,CT
641,Kimberly,Knapp,11/23/1992,***-**-1122,CO
51,Nicholas,Brown,009/18/1988,***-**-2869,SC
421,Rebecca,Marshall,005/006/1974,***-**-1020,PA
106,Mark,Smith,007/007/1979,***-**-5381,ND
379,Adam,Harrell,10/18/1981,***-**-0742,WV
76,Steve,Daniels,009/14/1980,***-**-3537,CO
68,Victoria,Potter,003/25/1988,***-**-4290,UT
118,Kathy,Preston,003/006/1990,***-**-9960,LA
127,Michael,Donaldson,001/001/1995,***-**-7624,CA
542,Brian,Bridges,002/22/1976,***-**-4546,MN
181,Martha,Gonzalez,001/17/1981,***-**-8342,KS
111,Paul,Rogers,001/10/1992,***-**-6284,MT
481,Dawn,Galvan,009/003/1989,***-**-8058,TN
568,Amber,West,001/19/1978,***-**-7363,ND
395,Christopher,Guerrero,001/29/1983,***-**-4036,WY
345,Stacy,Brooks,006/17/1991,***-**-4661,SC
438,Danielle,Kaiser,008/21/1975,***-**-9764,AL
403,Taylor,Boyle,009/26/1979,***-**-9756,MD
180,Donna,Howard,12/16/1978,***-**-3416,CA
616,Anne,Rios,11/26/1974,***-**-6513,HI
56,Theresa,Barnes,009/28/1976,***-**-2054,CT
153,Lori,Tate,003/008/1977,***-**-9123,NM
551,Alexandria,Baker,11/002/1974,***-**-3200,NV
135,Stephen,Hensley,009/30/1978,***-**-5372,GA
500,Jennifer,Fischer,11/19/1983,***-**-5609,UT
24,Pamela,Robinson,002/21/1981,***-**-4275,NM
81,Brendan,Gonzalez,008/002/1991,***-**-9993,SC
50,Richard,Turner,12/24/1982,***-**-9924,TN
328,Michael,Robinson,10/22/1973,***-**-2355,IL
402,Patricia,Sharp,007/13/1987,***-**-0306,MD
255,Elizabeth,Avila,003/15/1977,***-**-8453,NH
413,Christopher,Martinez,12/28/1978,***-**-8774,CT
507,Isaac,Woods,003/20/1984,***-**-6227,AK
62,Adriana,Wolf,10/17/1994,***-**-1702,OR
150,David,Pearson,006/14/1982,***-**-1781,AL
109,Matthew,Kramer,005/14/1988,***-**-4860,RI
310,Pamela,Archer,10/25/1987,***-**-2625,WV
243,Charles,Stout,12/005/1976,***-**-1997,KS
72,Daniel,Boyd,007/18/1978,***-**-1220,NY
608,Jimmy,Jones,002/19/1973,***-**-2030,MA
19,Rebecca,Hammond,002/21/1972,***-**-2706,LA
30,Emily,Diaz,12/004/1986,***-**-9174,AK
119,Chad,Wise,11/10/1988,***-**-1355,CO
162,Todd,Duran,001/14/1976,***-**-1832,KY
199,Brian,Mclaughlin,009/21/1987,***-**-2876,PA
187,Katherine,Rogers,005/13/1988,***-**-9500,ME
102,Joseph,Adams,001/18/1979,***-**-7778,WI
385,David,Lowery,10/21/1987,***-**-7963,UT
626,Janice,Young,007/007/1988,***-**-4863,WA
528,Anna,Matthews,002/009/1991,***-**-4474,TN
31,Katie,Garcia,003/22/1983,***-**-8462,AK
43,Maria,Estrada,004/30/1990,***-**-8108,LA
169,Ashley,Smith,007/16/1983,***-**-8720,TX
204,Amy,Wright,10/15/1991,***-**-8641,CA
494,Heather,Scott,008/20/1982,***-**-0361,NH
233,John,Anderson,005/30/1973,***-**-6681,NY
638,John,Anderson,001/007/1983,***-**-7935,UT
57,Kimberly,Harris,10/001/1988,***-**-5459,IA
648,Christopher,Smith,11/23/1976,***-**-2521,WI
192,Daniel,Singh,12/25/1980,***-**-7521,VA
73,Miranda,Nguyen,008/12/1981,***-**-2585,ME
477,Gregory,Simpson,007/009/1990,***-**-9365,CO
411,Daniel,Brown,004/19/1984,***-**-6526,NM
630,Susan,Thompson,005/17/1985,***-**-6074,TN
600,Rick,Johns,007/30/1984,***-**-7121,NV
634,Sean,Calhoun,007/31/1978,***-**-2261,SD
296,Alan,Holden,11/006/1994,***-**-6916,PA
154,Robin,Silva,007/14/1987,***-**-0453,AK
527,Nicole,Conrad,006/002/1985,***-**-6985,SD
635,Deanna,Russell,007/29/1972,***-**-9236,MD
229,Joshua,Bailey,007/20/1986,***-**-4031,WV
389,Daniel,Patrick,10/15/1972,***-**-8777,GA
220,William,Smith,006/004/1990,***-**-0654,AR
454,Kristin,Grant,008/23/1980,***-**-9693,WV
488,Kimberly,Velasquez,001/10/1989,***-**-4229,GA
41,Michael,Dalton,003/008/1994,***-**-2101,WI
522,Jason,Shaw,11/001/1985,***-**-4765,KY
269,Jonathon,Olson,007/008/1985,***-**-7767,SC
35,Andrea,Perry,002/001/1986,***-**-8897,CO
10,Anthony,Nguyen,10/009/1986,***-**-8472,WI
397,Anthony,Christensen,005/13/1983,***-**-8703,OH
45,Paul,Murphy,007/18/1975,***-**-9454,NJ
210,Susan,Stewart,004/23/1989,***-**-2712,GA
197,Scott,Warren,006/24/1985,***-**-3723,OH
354,Jennifer,Avery,008/008/1987,***-**-5062,LA
552,Alexander,Vaughan,008/22/1988,***-**-8562,MI
414,Laura,Parker,12/005/1973,***-**-6879,CO
134,Derek,Harrington,009/15/1990,***-**-2836,AR
11,Daniel,Wells,008/27/1994,***-**-7268,CA
222,Kelly,Phillips,11/005/1987,***-**-1324,MI
442,Lauren,Bennett,006/005/1985,***-**-4874,IA
633,Aaron,Wolf,004/009/1978,***-**-1149,WY
361,Julia,Wright,009/004/1980,***-**-6702,CO
205,Cheryl,Dennis,006/16/1986,***-**-0712,TX
18,Donna,Lopez,002/22/1985,***-**-5711,DE
459,Matthew,Gibbs,006/12/1984,***-**-9698,ID
564,Nancy,Mitchell,002/002/1988,***-**-9365,GA
138,Ashley,Bullock,007/23/1983,***-**-5394,MS
356,Andrew,Moore,001/003/1982,***-**-5178,ID
479,Joseph,Martinez,10/005/1973,***-**-9409,NH
100,Yvette,Rodriguez,009/11/1985,***-**-8123,OR
451,Carrie,Barber,11/009/1977,***-**-3083,LA
432,Ashley,Sherman,10/001/1984,***-**-1501,NE
71,Craig,Garcia,008/18/1994,***-**-3695,PA
463,Jerome,Brown,007/10/1992,***-**-9456,MD
308,Kevin,Beck,003/29/1981,***-**-7304,TN
591,Travis,Hansen,007/28/1981,***-**-6746,DE
214,Rodney,Cook,12/15/1994,***-**-6232,RI
290,Theresa,Brown,002/20/1993,***-**-3478,MN
8,Wayne,Mercer,009/21/1989,***-**-7254,MA
182,Mary,Lee,004/12/1982,***-**-7361,OH
534,Matthew,Martin,007/12/1993,***-**-7803,ID
511,Lee,Weber,12/003/1988,***-**-9830,CA
32,James,Wilson,007/23/1977,***-**-7343,OR
289,Angela,Clark,004/20/1988,***-**-3392,MN
643,Allen,Flynn,007/25/1994,***-**-7573,NH
234,Darrell,Coleman,008/24/1992,***-**-4198,WI
618,Patrick,Wells,008/003/1979,***-**-3209,MS
246,Tyler,Beck,10/20/1986,***-**-1385,HI
546,Michelle,Jenkins,11/29/1977,***-**-8254,NE
455,Scott,Miller,009/27/1991,***-**-3580,WY
341,Maria,Mcmillan,009/007/1973,***-**-3730,TX
252,Amy,Waller,10/001/1980,***-**-8763,MA
351,Jacob,Thomas,003/31/1976,***-**-8896,MS
493,Amanda,Jones,007/31/1993,***-**-0691,MN
599,Edward,Padilla,10/009/1993,***-**-5222,PA
315,Debra,Best,002/20/1973,***-**-3320,ND
577,Gregory,Roberts,001/27/1986,***-**-4496,IN
415,Suzanne,Wheeler,005/19/1985,***-**-2982,WI
303,Ann,Lewis,001/14/1976,***-**-0619,MT
478,Michelle,Peterson,006/25/1984,***-**-2154,MA
313,Adam,Thomas,12/30/1982,***-**-1297,VA
4,Donna,Owens,009/26/1987,***-**-6696,AL
249,Pamela,Lyons,009/27/1972,***-**-3318,AR
649,Victor,Lopez,10/26/1987,***-**-3964,NV
565,Matthew,Miller,004/007/1979,***-**-3517,CO
513,Kevin,Foster,10/18/1985,***-**-5090,WI
516,Alyssa,Stokes,004/001/1973,***-**-2432,OH
545,Mark,Saunders,008/23/1973,***-**-2640,VT
38,Michael,Chapman,003/13/1977,***-**-6874,OR
309,Cole,Farrell,001/29/1993,***-**-7973,IN
578,Michael,Estrada,10/12/1994,***-**-2448,OH
178,Shaun,Martinez,12/11/1982,***-**-5793,NC
359,Victoria,Moon,001/006/1976,***-**-8604,AZ
278,Brian,Peters,005/007/1982,***-**-3701,HI
292,Jose,Gonzalez,006/001/1992,***-**-9797,MD
87,John,Paul,11/20/1973,***-**-7180,KY
286,Stephanie,Smith,004/26/1978,***-**-1286,NH
221,Lisa,Wilson,11/009/1993,***-**-6950,AZ
524,Cody,Duran,001/15/1973,***-**-6706,NM
453,Ann,Johnson,006/001/1981,***-**-9046,NE
468,Paula,Hernandez,10/12/1975,***-**-2951,CA
444,Patrick,Barber,007/21/1991,***-**-9891,NY
350,Dennis,Alvarado,11/27/1973,***-**-4378,MT
462,David,Peterson,006/27/1973,***-**-7312,LA
66,Tina,Williams,11/004/1987,***-**-7775,OR
495,Bridget,Koch,002/23/1973,***-**-9714,WY
586,Adrian,Hernandez,009/008/1993,***-**-5101,NE
457,Andrea,Potter,12/26/1983,***-**-6384,NH
392,David,Williams,007/007/1990,***-**-6350,MA
202,Katherine,Wright,005/10/1987,***-**-3109,AR
467,Kevin,Taylor,004/19/1979,***-**-2293,NH
627,Latoya,Mitchell,003/15/1991,***-**-3607,ME
367,Tricia,Smith,001/24/1992,***-**-7866,CA
244,David,Miles,11/26/1993,***-**-2657,MI
620,Gina,Hoffman,003/20/1990,***-**-4213,UT
642,Tamara,Whitney,009/21/1975,***-**-9208,MO
427,John,Garcia,004/14/1987,***-**-3993,TX
539,Craig,Nunez,006/13/1972,***-**-6566,DE
98,Desiree,Ross,007/007/1981,***-**-2608,MS
324,Samantha,Ramirez,008/11/1981,***-**-7086,MD
589,David,Patton,11/19/1978,***-**-9705,PA
339,Caroline,Lopez,008/009/1981,***-**-1325,OK
645,Karen,Malone,009/003/1985,***-**-5442,CO
355,Daniel,Wright,12/31/1989,***-**-3803,FL
541,Brent,Miller,001/14/1978,***-**-9692,HI
360,Mitchell,Meyer,008/31/1991,***-**-7666,RI
39,Annette,Flores,004/19/1977,***-**-3196,NE
305,Wendy,Hendrix,008/19/1983,***-**-6634,WY
474,Alexis,Cross,008/11/1983,***-**-3694,MN
571,Jeffrey,Jones,006/27/1981,***-**-1822,SD
372,Jessica,Walsh,006/001/1976,***-**-2907,RI
559,Sherry,Henderson,002/15/1991,***-**-3768,FL
521,Jennifer,Johnson,002/17/1978,***-**-3102,OK
583,Scott,Ellison,003/31/1977,***-**-8653,NH
329,Denise,Baldwin,004/006/1992,***-**-7350,AL
201,Rebecca,James,12/004/1980,***-**-1514,MA
276,Sean,Gonzales,008/11/1981,***-**-8838,MO
592,Mary,Chavez,004/27/1990,***-**-2834,PA
124,Ralph,Martinez,002/26/1980,***-**-4024,WA
133,Thomas,Stone,003/29/1973,***-**-8227,DE
314,Christopher,Anderson,007/001/1974,***-**-1835,NC
562,Allison,Garcia,002/008/1983,***-**-0105,LA
125,Charles,Hall,009/15/1982,***-**-7617,PA
625,Lawrence,Roach,004/003/1991,***-**-2080,KY
312,Christopher,Dougherty,003/29/1978,***-**-0986,AL
90,William,Small,008/005/1990,***-**-0642,CO
236,Samuel,May,003/30/1988,***-**-0970,NJ
601,Brian,Lopez,002/13/1990,***-**-7558,DE
326,Amanda,Clark,007/23/1991,***-**-5043,MN
264,Cody,Taylor,11/13/1978,***-**-3700,SD
248,Sherry,Love,003/24/1975,***-**-8685,OR
485,Christine,Stone,11/007/1978,***-**-6503,KS
54,Kristy,Diaz,003/26/1988,***-**-1032,IA
2,Amy,Long,007/19/1982,***-**-7292,FL
298,Haley,Myers,003/20/1985,***-**-0757,MD
99,Michael,Holden,007/23/1975,***-**-7951,IN
186,Kelly,Ferrell,001/21/1982,***-**-2299,NH
593,Rachel,Valdez,005/21/1985,***-**-0852,UT
557,Kristine,Roberson,003/18/1981,***-**-0956,MN
375,Vincent,Watson,12/15/1974,***-**-8997,RI
460,Elizabeth,Bailey,007/15/1979,***-**-7230,MI
496,Mark,Mcmillan,007/008/1976,***-**-2503,MI
487,Sheri,Long,006/006/1978,***-**-5166,OH
469,Daniel,Mccall,007/12/1987,***-**-5314,NE
340,Dawn,Malone,004/19/1979,***-**-2070,TN
363,Evan,Romero,008/25/1994,***-**-3334,NM
108,Paul,Adams,004/19/1992,***-**-5765,WV
357,Tracy,Holt,10/20/1988,***-**-1413,AK
293,Charles,Wheeler,002/11/1972,***-**-5781,CA
604,Ashley,Harris,008/009/1993,***-**-7070,IL
7,Roberto,Schmidt,002/007/1994,***-**-1763,AL
94,Margaret,Barton,10/10/1975,***-**-0973,ID
227,Michelle,Diaz,009/25/1993,***-**-4889,ID
486,Mike,Duncan,12/15/1988,***-**-8115,MD
613,Alexandra,Thomas,001/12/1994,***-**-6760,SD
603,Mark,Murillo,009/22/1976,***-**-9915,MI
332,Carol,Dyer,003/12/1989,***-**-5545,HI
587,Daniel,Williams,11/17/1989,***-**-9146,NH
602,Sandra,Suarez,009/20/1980,***-**-9548,GA
398,Sarah,Hamilton,007/20/1976,***-**-3104,ND
148,Sydney,Floyd,003/31/1981,***-**-0722,CT
223,Jonathan,Hall,007/001/1978,***-**-6672,NE
574,Jennifer,Kim,10/003/1976,***-**-9504,MN
588,Kenneth,Sanchez,10/30/1980,***-**-8921,CA
157,Joseph,Carroll,005/009/1975,***-**-5984,ND
175,Jennifer,Arnold,10/18/1976,***-**-4368,AL
473,David,Le,008/31/1976,***-**-5444,MI
29,Jeffrey,Clark,006/28/1978,***-**-0316,MO
334,Jeffery,Reed,007/19/1985,***-**-6338,NJ
465,Laura,Kim,007/26/1974,***-**-3606,PA
92,Derek,Obrien,006/29/1990,***-**-6123,NH
470,Brooke,Bishop,12/18/1980,***-**-4107,CA
128,Peter,Miles,10/26/1976,***-**-3367,WA
77,Alex,Owen,10/007/1987,***-**-9252,AL
530,Michael,Fowler,008/28/1990,***-**-3995,TN
270,Katherine,Rose,001/19/1976,***-**-0446,MN
251,Daniel,Waller,004/23/1974,***-**-0011,KY
277,Ronald,Johnson,009/19/1973,***-**-8871,DE
346,Austin,Gutierrez,006/25/1979,***-**-0203,VT
238,Brandon,Chang,005/14/1984,***-**-6687,AL
143,Alexander,Murphy,005/005/1984,***-**-0664,UT
461,Stephanie,Mendoza,003/22/1977,***-**-8308,VT
5,Gregory,Moore,002/10/1982,***-**-6226,MA
117,Jonathan,Mendoza,12/30/1989,***-**-0262,MD
396,Michelle,Phillips,009/17/1988,***-**-2345,OK
517,Justin,Morgan,003/17/1976,***-**-5133,MI
228,Michael,Hubbard,009/009/1978,***-**-8972,CT
576,Travis,Little,005/14/1992,***-**-6995,WY
482,Susan,Kennedy,12/19/1988,***-**-4558,ME
611,Emily,Mcgrath,11/10/1973,***-**-7640,CO
288,Sandra,Griffin,11/13/1988,***-**-6533,NV
322,Jessica,Sullivan,001/007/1990,***-**-2665,WY
93,Timothy,Mendoza,006/009/1980,***-**-2367,NM
631,Amanda,Pearson,008/15/1979,***-**-9832,TN
95,Jeffery,Burnett,007/28/1984,***-**-4493,KS
225,Brian,Williams,001/12/1986,***-**-5701,MT
386,Randy,Dorsey,005/009/1974,***-**-0360,MO
272,Duane,Williams,10/14/1973,***-**-8818,NV
614,Colleen,Beasley,008/12/1977,***-**-3286,MA
262,Brian,Jackson,12/21/1985,***-**-9597,PA
110,Cynthia,Price,10/15/1991,***-**-6184,SD
501,Donald,Carter,007/16/1983,***-**-5922,HI
65,Lisa,Schmitt,004/23/1976,***-**-5980,TN
458,Dustin,Nichols,006/007/1977,***-**-9015,NE
224,Jay,Brown,004/24/1980,***-**-8736,TX
160,Beth,Lynch,002/13/1984,***-**-0814,AK
259,Mary,Mitchell,001/20/1982,***-**-3602,TX
547,Joshua,Rush,008/005/1986,***-**-2710,GA
358,Jillian,David,004/11/1973,***-**-4462,HI
652,Anthony,Delgado,009/19/1994,***-**-7837,FL
49,Meghan,Wilson,005/18/1988,***-**-4722,HI
437,Andrea,Montgomery,12/003/1991,***-**-6315,OH
536,Megan,Gray,10/12/1972,***-**-4006,NY
636,Sarah,Brooks,006/27/1991,***-**-6948,AR
330,Kaylee,Clark,005/29/1992,***-**-0753,WI
538,Joseph,Martin,004/13/1992,***-**-5396,AR
168,Donna,Rose,004/20/1989,***-**-1960,TN
480,Brandi,Sawyer,007/13/1979,***-**-9334,RI
543,James,Torres,001/19/1986,***-**-5026,DE
506,Jonathan,Malone,004/14/1984,***-**-9942,MN
80,Christine,Williams,008/15/1974,***-**-1974,MN
342,Christopher,Young,12/002/1988,***-**-1343,NE
364,David,Turner,002/13/1973,***-**-7108,IL
64,Gregory,Estes,10/004/1989,***-**-9235,KS
156,Shannon,Vaughn,12/27/1992,***-**-2444,AR
285,James,Mclaughlin,001/21/1981,***-**-1088,NC
79,Michael,Brown,001/13/1986,***-**-9682,OH
170,Jennifer,Crawford,007/21/1986,***-**-5861,FL
561,Michelle,Carr,006/22/1978,***-**-2759,CT
617,Andrew,Love,005/27/1991,***-**-9696,OH
515,Anna,Bennett,006/20/1977,***-**-6909,TN
644,William,Watts,10/12/1989,***-**-6883,MN
450,Cynthia,Williams,12/23/1978,***-**-5994,NY
216,Bruce,Miles,001/21/1982,***-**-0969,IA
88,Amanda,Wilson,005/23/1972,***-**-0767,NE
130,Joshua,Riley,11/008/1983,***-**-4874,IN
408,Carla,Torres,002/23/1987,***-**-7599,CT
105,Mark,Green,006/14/1977,***-**-6893,AZ
580,Stephanie,Goodwin,002/25/1986,***-**-5702,NC
388,Cameron,Allen,001/002/1986,***-**-8341,ID
316,Harold,Li,005/11/1983,***-**-2966,GA
196,Sara,Curry,006/005/1984,***-**-1678,ID
366,Caroline,Wyatt,11/12/1979,***-**-7063,NY
331,Nicole,Perez,009/28/1982,***-**-1455,MT
63,Jacqueline,Garcia,001/31/1991,***-**-8953,NC
651,Alexander,Wright,004/18/1979,***-**-7263,MN
497,Heather,Farrell,001/11/1978,***-**-0338,MA
14,Joseph,Fernandez,006/001/1978,***-**-4971,IL
52,Timothy,Chandler,003/26/1978,***-**-3897,NM
456,Gregory,Jackson,006/006/1973,***-**-0058,WY
412,Thomas,Patterson,005/006/1977,***-**-4561,VA
283,Timothy,Suarez,001/12/1977,***-**-3073,WI
174,Jennifer,Jensen,003/009/1991,***-**-4293,GA
509,Andrew,Hogan,006/008/1990,***-**-5943,ND
254,Dale,Hartman,10/001/1993,***-**-9502,ME
531,Jennifer,Williams,002/27/1977,***-**-9054,OK
104,Antonio,Perez,002/009/1980,***-**-4115,NC
549,Joshua,Hicks,001/007/1985,***-**-4786,KS
183,Edward,Thompson,008/31/1994,***-**-8605,OH
612,Lee,Zamora,003/17/1979,***-**-3321,UT
492,Wyatt,Rivers,002/007/1984,***-**-5135,KY
27,Michelle,Reeves,11/23/1972,***-**-1066,PA
287,Joanna,Hopkins,004/17/1973,***-**-2714,MA
584,Joseph,Mitchell,005/18/1980,***-**-7441,VA
624,Ariel,Ray,009/11/1972,***-**-2732,OR
53,Shawn,Murray,10/30/1990,***-**-5217,MS
206,Jose,Spears,003/001/1976,***-**-2675,NH
211,Caroline,Mayer,005/003/1973,***-**-2487,WY
646,David,Weaver,008/11/1976,***-**-2750,ME
336,Kelly,Sullivan,004/12/1988,***-**-7284,NV
555,Kyle,Ramirez,005/30/1984,***-**-2839,WA
560,Carrie,Davis,006/20/1984,***-**-6558,WA
203,Catherine,Martinez,004/28/1990,***-**-6917,NM
217,Amanda,Lewis,12/005/1988,***-**-0504,MT
371,Katherine,Bailey,003/004/1994,***-**-3545,WV
605,Rodney,Smith,005/008/1975,***-**-3105,NH
337,Savannah,Saunders,005/12/1984,***-**-2473,IA
381,Claudia,Oneal,004/001/1987,***-**-9008,TX
508,Roy,Johnson,003/30/1984,***-**-6344,AK
58,Michelle,Smith,007/008/1982,***-**-6834,NV
401,Amanda,Haney,004/11/1983,***-**-9019,IA
163,Theresa,Fletcher,10/22/1992,***-**-0535,VA
548,Debra,Green,007/20/1988,***-**-5376,SC
161,John,Cox,12/11/1985,***-**-7739,OH
464,Beth,Harris,12/22/1982,***-**-5871,RI
476,Erica,Mcconnell,007/001/1981,***-**-0878,MA
208,Kimberly,Johnson,001/22/1992,***-**-4304,PA
378,Kyle,Aguirre,10/24/1973,***-**-4469,NE
654,Nicole,English,004/30/1977,***-**-9164,HI
585,Bonnie,Turner,004/001/1973,***-**-0208,MD
621,Maurice,Gillespie,009/007/1984,***-**-8509,GA
300,Corey,Adams,10/008/1988,***-**-2578,OR
640,Brett,Nelson,006/20/1986,***-**-3049,MD
297,Melody,Nelson,001/23/1979,***-**-1931,VA
209,James,Young,004/12/1980,***-**-8557,ME
320,Robert,Smith,004/14/1994,***-**-0748,MS
242,Caroline,Larson,005/005/1990,***-**-7178,LA
258,Megan,Robinson,003/24/1973,***-**-1601,WV
570,Shawn,Edwards,001/19/1978,***-**-4865,LA
417,David,Evans,009/15/1977,***-**-6773,WA
281,Julie,Price,001/20/1993,***-**-3599,PA
436,Briana,Webster,002/008/1978,***-**-3704,PA
441,Robin,Oconnor,002/27/1978,***-**-0782,NH
425,Albert,Davidson,001/20/1975,***-**-9182,CA
553,Mark,Chen,004/002/1989,***-**-3553,WY
266,Elizabeth,Lynn,002/25/1992,***-**-8647,MA
40,Tracy,Gonzalez,11/001/1983,***-**-4059,WY
609,Patricia,Fletcher,006/30/1979,***-**-2311,RI
471,Tammy,Salinas,12/29/1980,***-**-3850,NC
307,Roger,Wright,003/004/1974,***-**-3080,MO
353,Kelly,Castillo,004/13/1992,***-**-7622,WA
393,Charles,Kelley,004/14/1993,***-**-1133,OK
607,David,Johnson,006/23/1985,***-**-9729,DE
483,David,Cervantes,001/008/1983,***-**-0082,WA
370,Valerie,Lopez,004/10/1983,***-**-0441,AL
273,Sarah,Hayes,11/20/1984,***-**-8195,CT
141,Christina,Arnold,10/20/1979,***-**-2313,NY
338,Cynthia,Bennett,11/26/1973,***-**-7899,MD
15,Michelle,Huang,004/009/1983,***-**-8363,UT
120,Amanda,Dodson,003/004/1973,***-**-6056,KS
75,Jeff,Hawkins,008/10/1992,***-**-5606,IL
115,Patrick,Taylor,007/29/1991,***-**-5595,MO
629,Elizabeth,Howard,11/005/1984,***-**-2641,AZ
299,Noah,White,004/30/1977,***-**-0897,SC
498,Caroline,Jackson,12/29/1983,***-**-4102,DE
445,Andrea,Wright,006/15/1978,***-**-8386,OH
582,Sara,Smith,001/002/1983,***-**-9188,TN
245,Jennifer,Rodriguez,004/23/1974,***-**-2538,NM
129,Deanna,Terrell,002/005/1990,***-**-5743,OK
544,Kristina,Summers,002/17/1989,***-**-3058,OR
377,Laura,Mercado,004/005/1974,***-**-9514,MI
155,Matthew,Kane,11/17/1990,***-**-9385,PA
440,Tamara,White,005/20/1980,***-**-6614,FL
550,Samantha,Thompson,006/004/1976,***-**-9230,NY
47,John,Mcmillan,003/002/1983,***-**-7301,NV
89,Andrea,Webb,12/11/1985,***-**-7815,VA
145,Lori,Odonnell,10/22/1989,***-**-2415,KS
554,Ronald,Huerta,12/13/1973,***-**-6058,OK
523,Chelsea,Foster,003/26/1974,***-**-4094,AK
499,Daniel,Lopez,009/007/1989,***-**-2639,AR
37,Jonathan,Jones,001/13/1977,***-**-7798,MN
384,Jessica,Gaines,004/23/1981,***-**-9332,CO
514,Timothy,Morris,006/16/1981,***-**-2962,WY
260,Donna,Campbell,007/14/1993,***-**-2369,NV
239,Tonya,Martinez,009/004/1972,***-**-7702,IA
420,Pamela,Moore,002/20/1980,***-**-9532,NJ
380,Michelle,Ali,005/005/1993,***-**-3823,KS
387,Alexander,Gibson,10/27/1983,***-**-1036,CO
207,Jay,Smith,003/006/1985,***-**-6315,CT
318,Teresa,Watkins,007/27/1972,***-**-5707,NY
16,Bradley,Guzman,005/008/1980,***-**-2817,WY
61,Rhonda,Young,006/003/1979,***-**-2336,NE
280,Brandon,Davis,007/22/1977,***-**-1621,AZ
13,Brandon,Farmer,008/10/1980,***-**-2601,TX
563,Barbara,Murphy,10/30/1989,***-**-9225,AR
569,James,King,004/21/1978,***-**-1432,AK
575,Drew,Kelly,003/25/1993,***-**-3264,WA
319,Virginia,Wise,002/18/1982,***-**-8887,OR
122,Mary,Hernandez,001/29/1990,***-**-5268,NY
520,Ryan,Russell,001/006/1975,***-**-3828,HI
489,Amanda,Smith,008/005/1989,***-**-3579,DE
136,Morgan,Dunn,007/13/1980,***-**-1601,AZ
142,Kimberly,Shaw,006/11/1973,***-**-7577,MA
250,Kathleen,Klein,001/15/1990,***-**-3388,NM
383,Diana,Meyers,009/13/1972,***-**-4296,TN
650,Logan,Smith,003/26/1990,***-**-0194,MN
231,Tracy,Martin,005/003/1975,***-**-0726,AK
431,Edwin,Martin,002/13/1988,***-**-9168,MO
306,Kelly,Moran,007/14/1976,***-**-0670,NV
151,Robert,Smith,001/12/1987,***-**-2300,ID
519,Jane,Martinez,001/30/1991,***-**-3977,AZ
172,Denise,Castillo,10/10/1983,***-**-0042,LA
121,Jonathon,Brock,004/30/1980,***-**-9917,CO
140,Amanda,Franco,009/24/1994,***-**-5413,AK
48,Heather,Robinson,11/20/1985,***-**-1929,MN
282,Kathryn,Stout,008/24/1987,***-**-9637,IA
42,Cory,Hopkins,003/13/1977,***-**-9491,AK
247,Ryan,Snyder,007/14/1982,***-**-9330,MA
59,Sara,Walker,008/16/1985,***-**-5423,NE
137,Daniel,Garcia,004/21/1979,***-**-3001,WI
257,Paul,Evans,006/25/1977,***-**-4302,MN
343,Elizabeth,Olson,001/22/1976,***-**-7163,MA
195,Ann,Romero,10/27/1989,***-**-4046,DE
268,Thomas,Jensen,002/23/1991,***-**-3430,OH
558,Brian,Davila,007/005/1982,***-**-3711,DE
70,Donna,Howard,003/31/1990,***-**-7432,MS
28,Kimberly,Massey,001/001/1981,***-**-4649,MO
132,Jeremy,Cross,11/22/1987,***-**-4632,HI
335,Dennis,Thomas,006/11/1989,***-**-5032,IN
349,Kenneth,Martin,008/24/1989,***-**-4681,MI
510,Tyler,Brewer,006/28/1972,***-**-9006,HI
36,Scott,Brooks,002/24/1972,***-**-4958,NY
430,Derrick,Fritz,12/005/1982,***-**-0071,IA
376,Christine,Munoz,11/17/1974,***-**-0149,MO
226,Julie,Robbins,11/23/1976,***-**-4571,IN
240,Rachel,Cook,003/003/1982,***-**-9042,NM
291,Kyle,Hoffman,12/25/1984,***-**-7692,MT
619,Nancy,Nguyen,007/005/1976,***-**-3939,VA
424,John,Wells,005/25/1993,***-**-3026,NH
212,Robert,Ellison,007/16/1979,***-**-9579,NE
263,Keith,Robinson,004/15/1978,***-**-3579,NC
443,Dennis,Osborn,11/15/1973,***-**-3531,MA
26,Ronald,Hays,12/21/1993,***-**-6430,TX
491,Leslie,Brown,006/15/1973,***-**-1806,NJ
114,Maria,Chapman,12/20/1973,***-**-7300,OK
434,Melissa,Torres,003/22/1981,***-**-6921,NM
615,Joshua,Weaver,11/20/1982,***-**-7030,IA
525,Crystal,Martin,008/29/1993,***-**-0679,ME
44,Sheri,Ball,008/004/1991,***-**-7548,AZ
475,Steven,Ritter,002/11/1986,***-**-8004,OH
529,Linda,Krause,12/22/1978,***-**-4382,SD
83,John,Myers,007/25/1989,***-**-1869,NJ
275,Mark,White,009/009/1992,***-**-7830,ID
190,Diana,Smith,12/002/1973,***-**-3506,IL
423,Karen,Lyons,006/009/1990,***-**-9081,OK
581,Laura,Glenn,10/20/1992,***-**-1468,TX
177,Diana,Spence,009/20/1983,***-**-4751,MA
573,Samantha,Farley,007/10/1977,***-**-2351,WA
46,Kayla,Mitchell,10/13/1975,***-**-9155,WI
17,Crystal,Myers,12/31/1980,***-**-6532,OH
101,Brooke,Jones,004/009/1979,***-**-2606,TN
261,John,Mueller,003/22/1987,***-**-7849,MD
435,Karla,Rosales,007/10/1983,***-**-1729,IL
448,Jennifer,Brown,008/23/1977,***-**-0700,MA
597,Blake,Jimenez,009/10/1977,***-**-3810,KS
628,Michael,Garcia,11/005/1980,***-**-4294,IL
610,Jermaine,Quinn,12/24/1989,***-**-1754,CA
113,Patricia,Cruz,004/22/1976,***-**-3822,IN
235,Cameron,Mcintosh,002/001/1975,***-**-8921,NV
21,Michelle,Brewer,006/10/1988,***-**-6836,OK
362,Hannah,Nolan,009/15/1978,***-**-1332,OK
368,Erica,Johnson,005/27/1978,***-**-9413,LA
323,Jeremy,Obrien,001/13/1982,***-**-7592,OR
